{
  "run_date": "2026-04-02 19:00:47",
  "elapsed_s": 639.5407737090136,
  "device": {
    "tensorflow_version": "2.16.2",
    "device_used": "CPU (forced)",
    "machine": "M5 Max, MacBook Pro, 64GB RAM, 2TB SSD",
    "invocation": "benchmarks/canonical_tests/manifold_dim_probe.py --dataset cifar10 --epochs 60 --batch-size 256 --discovery-samples 2000 --k-pca 50 --tau 0.90"
  },
  "dataset": "cifar10",
  "input_dim": 3072,
  "n_classes": 10,
  "d_star": 29,
  "tau_discovery": 0.9,
  "epochs": 60,
  "n_params": 39566,
  "test_accuracy": 0.7398999929428101,
  "train_time_s": 532.4375340830011,
  "n_total_samples": 60000,
  "activation_pca": {
    "k_90": 9,
    "k_95": 14,
    "n_extra": 20,
    "explained_variance_ratio": [
      0.3199058771133423,
      0.21129707992076874,
      0.09472259879112244,
      0.07961440086364746,
      0.05452030897140503,
      0.04566914215683937,
      0.038107212632894516,
      0.035253822803497314,
      0.025350701063871384,
      0.017684606835246086,
      0.009957024827599525,
      0.007835227064788342,
      0.006708149798214436,
      0.0058306921273469925,
      0.005011888686567545,
      0.004437333904206753,
      0.004208222962915897,
      0.0038892109878361225,
      0.003390757367014885,
      0.00327702471986413,
      0.0031595961190760136,
      0.0029452566523104906,
      0.002756094094365835,
      0.0027362315449863672,
      0.002594246529042721,
      0.0025640903040766716,
      0.0022617264185100794,
      0.002167722675949335,
      0.00214382354170084
    ],
    "cumulative_variance": [
      0.3199058771133423,
      0.5312029719352722,
      0.6259255409240723,
      0.7055399417877197,
      0.7600602507591248,
      0.8057293891906738,
      0.8438366055488586,
      0.879090428352356,
      0.9044411182403564,
      0.9221256971359253,
      0.9320827126502991,
      0.9399179220199585,
      0.9466260671615601,
      0.9524567723274231,
      0.9574686884880066,
      0.9619060158729553,
      0.9661142230033875,
      0.9700034260749817,
      0.9733941555023193,
      0.9766711592674255,
      0.9798307418823242,
      0.9827759861946106,
      0.9855321049690247,
      0.9882683157920837,
      0.9908625483512878,
      0.9934266209602356,
      0.9956883192062378,
      0.9978560209274292,
      0.9999998211860657
    ]
  },
  "hypotheses": {
    "H1_noise": {
      "extra_mean_magnitude": 2.4079549312591553,
      "on_mean_magnitude": 7.268267631530762,
      "ratio": 0.3312969545152428,
      "verdict": "non-trivial signal"
    },
    "H2_uncertainty": {
      "mean_extra_mag_correct": 2.415771007537842,
      "mean_extra_mag_wrong": 2.353713274002075,
      "correlation_with_error": -0.03807477168195782,
      "verdict": "no uncertainty signal"
    },
    "H3_interclass": {
      "per_class_extra_magnitude": {
        "airplane": 2.3701961040496826,
        "automobile": 2.5323359966278076,
        "bird": 2.3882675170898438,
        "cat": 2.533428430557251,
        "deer": 2.299828290939331,
        "dog": 2.4438304901123047,
        "frog": 2.3616585731506348,
        "horse": 2.428864002227783,
        "ship": 2.267909526824951,
        "truck": 2.453230142593384
      }
    },
    "H4_entropy": {
      "correlation_extra_mag_entropy": -0.06461395503337082,
      "verdict": "no boundary signal"
    }
  },
  "per_class_mean_activations": [
    [
      4.545257568359375,
      2.898362874984741,
      3.2762959003448486,
      2.9492437839508057,
      3.323674440383911,
      3.3228209018707275,
      4.822381019592285,
      3.1709694862365723,
      3.593785047531128,
      2.2942898273468018,
      5.240235805511475,
      4.389509677886963,
      2.6780483722686768,
      3.4451653957366943,
      2.5461080074310303,
      5.670440673828125,
      3.127959728240967,
      3.73154616355896,
      2.786569356918335,
      2.1208415031433105,
      3.5383036136627197,
      2.331617593765259,
      4.9058003425598145,
      2.4291796684265137,
      5.9259819984436035,
      4.088245868682861,
      3.202364206314087,
      4.293397903442383,
      4.999203681945801
    ],
    [
      4.6690874099731445,
      2.8585665225982666,
      7.183780670166016,
      4.73517370223999,
      8.154647827148438,
      4.227208137512207,
      6.080723762512207,
      3.229174852371216,
      2.4948697090148926,
      3.892345428466797,
      6.505087852478027,
      4.699894428253174,
      3.7537922859191895,
      2.925726890563965,
      2.515958786010742,
      5.4208784103393555,
      3.01468563079834,
      4.566575050354004,
      3.179168224334717,
      2.256277084350586,
      4.6351704597473145,
      3.966704845428467,
      6.131360054016113,
      5.294344425201416,
      3.6465771198272705,
      3.736379623413086,
      5.457498073577881,
      4.4389472007751465,
      8.909650802612305
    ],
    [
      5.556360244750977,
      2.784013271331787,
      2.878204107284546,
      4.47438907623291,
      3.113783597946167,
      3.8120453357696533,
      3.3858933448791504,
      3.1350131034851074,
      3.8129284381866455,
      4.329513072967529,
      4.141759872436523,
      4.323935031890869,
      2.6563124656677246,
      3.719557285308838,
      2.6445000171661377,
      3.1690094470977783,
      3.2132675647735596,
      3.456012010574341,
      3.879612684249878,
      4.01471471786499,
      2.6621572971343994,
      3.482311964035034,
      3.7035484313964844,
      3.050926685333252,
      4.728877067565918,
      5.172833442687988,
      4.220321178436279,
      4.354375839233398,
      3.158839225769043
    ],
    [
      5.159058094024658,
      4.429083824157715,
      5.459559440612793,
      4.246378421783447,
      3.29061222076416,
      3.39782452583313,
      3.6156203746795654,
      5.314197540283203,
      3.5018882751464844,
      3.9490487575531006,
      4.52827787399292,
      3.821427345275879,
      3.2270264625549316,
      3.1731646060943604,
      3.999784469604492,
      3.0739049911499023,
      3.8655049800872803,
      3.854649782180786,
      4.73696756362915,
      4.3312296867370605,
      4.076700210571289,
      4.1311774253845215,
      4.05587911605835,
      4.755934715270996,
      3.258533477783203,
      6.082343578338623,
      4.2054924964904785,
      4.983912944793701,
      3.2364325523376465
    ],
    [
      5.949423313140869,
      4.031635284423828,
      3.3031904697418213,
      4.494117736816406,
      2.276362895965576,
      5.52095365524292,
      4.4465765953063965,
      3.5456624031066895,
      2.523406982421875,
      3.7523560523986816,
      5.012907028198242,
      3.4870035648345947,
      3.163285732269287,
      3.360377311706543,
      3.5208535194396973,
      2.2895209789276123,
      3.682826280593872,
      2.916999101638794,
      5.158980369567871,
      4.356378078460693,
      2.762011766433716,
      4.180041313171387,
      2.401475191116333,
      2.9499125480651855,
      3.769509792327881,
      6.792571544647217,
      2.9930953979492188,
      5.505844593048096,
      4.079072952270508
    ],
    [
      5.29377555847168,
      4.568718433380127,
      6.013143062591553,
      3.3119325637817383,
      3.5854830741882324,
      2.8693594932556152,
      3.410123348236084,
      4.840469837188721,
      2.972590208053589,
      5.447671890258789,
      3.8197994232177734,
      4.1073455810546875,
      4.3910722732543945,
      4.165655612945557,
      4.788010597229004,
      2.5001649856567383,
      3.474823236465454,
      3.085779905319214,
      4.382826805114746,
      5.299710750579834,
      3.3463919162750244,
      4.24879264831543,
      3.745471239089966,
      5.0489501953125,
      3.3826892375946045,
      5.198692798614502,
      4.951592922210693,
      5.611244201660156,
      3.2540183067321777
    ],
    [
      5.305546760559082,
      2.6734423637390137,
      4.022878170013428,
      6.534707069396973,
      4.723048686981201,
