{
  "run_date": "2026-04-02 18:33:47",
  "elapsed_s": 262.60571550001623,
  "device": {
    "tensorflow_version": "2.16.2",
    "device_used": "CPU (forced)"
  },
  "dataset": "cifar10",
  "input_dim": 3072,
  "n_classes": 10,
  "d_star": 16,
  "tau_discovery": 0.9,
  "epochs": 30,
  "n_params": 12474,
  "test_accuracy": 0.6717000007629395,
  "train_time_s": 236.5224104160152,
  "n_total_samples": 60000,
  "activation_pca": {
    "k_90": 7,
    "k_95": 9,
    "n_extra": 9,
    "explained_variance_ratio": [
      0.3825075328350067,
      0.21766793727874756,
      0.10015034675598145,
      0.08198600262403488,
      0.06054943799972534,
      0.05134175345301628,
      0.03040141798555851,
      0.01979510858654976,
      0.016615569591522217,
      0.011044759303331375,
      0.006740151438862085,
      0.00588524155318737,
      0.004487102385610342,
      0.004127899184823036,
      0.003613252192735672,
      0.0030864705331623554
    ],
    "cumulative_variance": [
      0.3825075328350067,
      0.6001754999160767,
      0.7003258466720581,
      0.7823118567466736,
      0.8428612947463989,
      0.8942030668258667,
      0.9246044754981995,
      0.9443995952606201,
      0.9610151648521423,
      0.9720599055290222,
      0.9788000583648682,
      0.9846853017807007,
      0.9891723990440369,
      0.9933003187179565,
      0.9969135522842407,
      1.0
    ]
  },
  "hypotheses": {
    "H1_noise": {
      "extra_mean_magnitude": 1.430936336517334,
      "on_mean_magnitude": 5.003549575805664,
      "ratio": 0.2859842426965346,
      "verdict": "non-trivial signal"
    },
    "H2_uncertainty": {
      "mean_extra_mag_correct": 1.4565848112106323,
      "mean_extra_mag_wrong": 1.3661725521087646,
      "correlation_with_error": -0.0872732712515162,
      "verdict": "no uncertainty signal"
    },
    "H3_interclass": {
      "per_class_extra_magnitude": {
        "airplane": 1.6344345808029175,
        "automobile": 1.5694286823272705,
        "bird": 1.4247057437896729,
        "cat": 1.375443696975708,
        "deer": 1.262615442276001,
        "dog": 1.3855133056640625,
        "frog": 1.2605578899383545,
        "horse": 1.4683895111083984,
        "ship": 1.4070796966552734,
        "truck": 1.5211949348449707
      }
    },
    "H4_entropy": {
      "correlation_extra_mag_entropy": -0.17437346416899346,
      "verdict": "no boundary signal"
    }
  },
  "per_class_mean_activations": [
    [
      2.4502904415130615,
      4.287837028503418,
      2.395082473754883,
      4.009592056274414,
      2.536048173904419,
      2.8652868270874023,
      4.666807651519775,
      1.7954946756362915,
      2.735673427581787,
      4.540882110595703,
      2.2058639526367188,
      3.0384466648101807,
      4.509363174438477,
      3.5526936054229736,
      3.023833751678467,
      2.304201602935791
    ],
    [
      2.887557029724121,
      3.6821067333221436,
      2.7807533740997314,
      3.0920205116271973,
      5.013901233673096,
      4.674469947814941,
      7.378140449523926,
      4.580235004425049,
      4.195805549621582,
      4.587876319885254,
      5.235543251037598,
      3.737487554550171,
      2.7533082962036133,
      3.319033145904541,
      2.8391854763031006,
      3.4901204109191895
    ],
    [
      4.047146320343018,
      2.9903814792633057,
      2.9025769233703613,
      4.930908679962158,
      1.8764461278915405,
      2.337054967880249,
      4.148300647735596,
      1.9866347312927246,
      4.488439559936523,
      2.3237035274505615,
      1.4880691766738892,
      3.659788131713867,
      4.657844543457031,
      3.354800224304199,
      2.3362224102020264,
      1.8276010751724243
    ],
    [
      5.297544479370117,
      2.5673420429229736,
      3.2203075885772705,
      4.306525230407715,
      2.829953193664551,
      1.89312744140625,
      5.879417896270752,
      1.8620522022247314,
      4.858241081237793,
      1.801425576210022,
      2.012258768081665,
      2.8792645931243896,
      4.345440864562988,
      3.693246841430664,
      2.2038018703460693,
      2.262260913848877
    ],
    [
      4.7990336418151855,
      2.6193463802337646,
      2.396155834197998,
      4.700089931488037,
      2.4157299995422363,
      1.757625699043274,
      3.2763545513153076,
      1.1609266996383667,
      5.66619873046875,
      1.8743908405303955,
      1.8164050579071045,
      2.9590229988098145,
      3.8804733753204346,
      4.54598331451416,
      2.9765419960021973,
      2.014106512069702
    ],
    [
      6.053753852844238,
      2.534524917602539,
      3.3341805934906006,
      4.357643127441406,
      2.8759403228759766,
      1.4691381454467773,
      6.1413044929504395,
      2.28836727142334,
      5.0170769691467285,
      1.542607307434082,
      1.7024861574172974,
      3.590430736541748,
      4.054668426513672,
      4.054667949676514,
      2.0374388694763184,
      2.8350768089294434
    ],
    [
      5.5105109214782715,
      1.9160990715026855,
      2.3059239387512207,
      4.304448127746582,
      2.461359977722168,
      3.786470413208008,
      4.829471588134766,
      1.7939441204071045,
      5.042628765106201,
      1.4536586999893188,
      2.066314220428467,
      2.5689520835876465,
      4.493685722351074,
      3.683117151260376,
      3.2977731227874756,
      1.300945520401001
    ],
    [
      5.675783634185791,
      3.0158724784851074,
      3.3256545066833496,
      3.9243130683898926,
      2.6450726985931396,
      1.4733829498291016,
      3.7651307582855225,
      1.8942725658416748,
      6.1404595375061035,
      3.0939416885375977,
      2.3934078216552734,
      4.618532657623291,
      4.020113468170166,
      5.512834072113037,
      2.3644890785217285,
      3.9259226322174072
    ],
    [
      3.486285448074341,
      6.0866217613220215,
      1.6628824472427368,
      2.696324110031128,
      2.9682517051696777,
      3.148061513900757,
      5.710012912750244,
      1.1807702779769897,
      2.5967612266540527,
      4.977628231048584,
      2.5938003063201904,
      1.7817384004592896,
      4.122879981994629,
      2.2345011234283447,
      3.142749071121216,
      2.1762664318084717
    ],
    [
      4.939030647277832,
      4.984982490539551,
      3.882783889770508,
      2.3032264709472656,
      4.288071155548096,
      4.028678894042969,
      6.2659220695495605,
      3.7939295768737793,
      3.061598300933838,
      3.7371397018432617,
      4.993190288543701,
      3.0269510746002197,
      2.6686947345733643,
      3.476137161254883,
      3.2836782932281494,
      4.862793922424316
    ]
  ],
  "eigenspectrum_summary": {
    "PC00": 0.3825075328350067,
    "PC01": 0.21766793727874756,
    "PC02": 0.10015034675598145,
    "PC03": 0.08198600262403488,
    "PC04": 0.06054943799972534,
    "PC05": 0.05134175345301628,
    "PC06": 0.03040141798555851,
    "PC07": 0.01979510858654976,
    "PC08": 0.016615569591522217,
    "PC09": 0.011044759303331375,
    "PC10": 0.006740151438862085,
    "PC11": 0.00588524155318737,
    "PC12": 0.004487102385610342,
    "PC13": 0.004127899184823036,
    "PC14": 0.003613252192735672,
    "PC15": 0.0030864705331623554
  }
}
