{
  "dataset": "parkinsons",
  "title": "Parkinson's Disease (Voice)",
  "n_samples": 195,
  "n_features": 22,
  "n_classes": 2,
  "d_star": 6,
  "noise_frac": 0.7272727272727273,
  "manifold": {
    "acc_mean": 0.9025641025641026,
    "acc_se": 0.008581128477272574,
    "auc_mean": 0.8397701149425286,
    "auc_se": 0.019893921646951113
  },
  "kan_raw": {
    "acc_mean": 0.9076923076923077,
    "acc_se": 0.021268144977772015,
    "auc_mean": 0.960102171136654,
    "auc_se": 0.00923558695012795
  },
  "kan_pca": {
    "acc_mean": 0.8820512820512821,
    "acc_se": 0.01863169448675379,
    "auc_mean": 0.9532311621966795,
    "auc_se": 0.010577081564115846
  },
  "kan_pca_label": "KAN-pca6",
  "formula": "24.6152064800262 - 12.7281303405762*exp(-(-2.46799993515015*PC6 - 4.2016396522522)**2) + 24.53688621521*exp(-(-1.73735988140106*PC2 - 0.176000013947487)**2) - 25.5559577941895*exp(-(-0.192239999771118*PC1 - 0.386399865150452)**2) - 9.23424243927002*exp(-(2.53959989547729 - 1.98239982128143*PC3)**2) + 6.60296726226807*exp(-(2.04351997375488 - 0.889999806880951*PC4)**2) + 15.4756956100464*exp(-(1.44415986537933 - 0.712319850921631*PC5)**2)",
  "simplified_formula": null,
  "n_active_edges": 6,
  "active_edges": [
    [
      0,
      0,
      0,
      "spline",
      0.0
    ],
    [
      0,
      1,
      0,
      "spline",
      0.0
    ],
    [
      0,
      2,
      0,
      "spline",
      0.0
    ],
    [
      0,
      3,
      0,
      "spline",
      0.0
    ],
    [
      0,
      4,
      0,
      "spline",
      0.0
    ],
    [
      0,
      5,
      0,
      "spline",
      0.0
    ]
  ],
  "pca_loadings": {
    "PC1": [
      [
        "MDVP:Shimmer",
        0.2599
      ],
      [
        "MDVP:Shimmer",
        0.2599
      ],
      [
        "MDVP:PPQ",
        0.2558
      ]
    ],
    "PC2": [
      [
        "MDVP:Fo",
        0.5401
      ],
      [
        "MDVP:Flo",
        0.393
      ],
      [
        "MDVP:Fhi",
        0.3501
      ]
    ],
    "PC3": [
      [
        "DFA",
        0.5381
      ],
      [
        "D2",
        0.392
      ],
      [
        "RPDE",
        0.3517
      ]
    ],
    "PC4": [
      [
        "Shimmer:APQ5",
        0.291
      ],
      [
        "Jitter:DDP",
        0.2896
      ],
      [
        "MDVP:RAP",
        0.2896
      ]
    ],
    "PC5": [
      [
        "spread2",
        0.4795
      ],
      [
        "DFA",
        0.3957
      ],
      [
        "D2",
        0.3334
      ]
    ]
  },
  "cv_raw": {
    "manifold_acc": [
      0.9230769230769231,
      0.9230769230769231,
      0.8717948717948718,
      0.8974358974358975,
      0.8974358974358975
    ],
    "manifold_auc": [
      0.8722222222222222,
      0.911111111111111,
      0.8155172413793103,
      0.8,
      0.8
    ],
    "kan_raw_acc": [
      0.9487179487179487,
      0.8717948717948718,
      0.9743589743589743,
      0.8461538461538461,
      0.8974358974358975
    ],
    "kan_raw_auc": [
      0.9592592592592593,
      0.9481481481481482,
      0.996551724137931,
      0.9620689655172414,
      0.9344827586206896
    ],
    "kan_pca_acc": [
      0.8974358974358975,
      0.9487179487179487,
      0.8205128205128205,
      0.8717948717948718,
      0.8717948717948718
    ],
    "kan_pca_auc": [
      0.9740740740740741,
      0.9851851851851852,
      0.9310344827586207,
      0.9517241379310347,
      0.9241379310344828
    ]
  }
}
