{
  "dataset": "diabetes",
  "title": "Pima Indians Diabetes",
  "n_samples": 768,
  "n_features": 8,
  "n_classes": 2,
  "d_star": 6,
  "noise_frac": 0.25,
  "manifold": {
    "acc_mean": 0.7265257618198795,
    "acc_se": 0.012758034279241976,
    "auc_mean": 0.6845366876310273,
    "auc_se": 0.012955706230814676
  },
  "kan_raw": {
    "acc_mean": 0.7395891690009337,
    "acc_se": 0.004028624588743368,
    "auc_mean": 0.7975066387141858,
    "auc_se": 0.005958466292052148
  },
  "kan_pca": {
    "acc_mean": 0.7265172735760972,
    "acc_se": 0.013308778033337354,
    "auc_mean": 0.7776184486373167,
    "auc_se": 0.018231400477278538
  },
  "kan_pca_label": "KAN-pca6",
  "formula": "4.82740634679794 - 6.2323899269104*exp(-(-0.223919987678528*PC6 - 0.427519857883453)**2) + 1.80196762084961*exp(-(-0.636559844017029*PC5 - 1.0440798997879)**2) + 5.79588174819946*exp(-(-1.18391978740692*PC4 - 4.33735990524292)**2) - 6.04760980606079*exp(-(-0.24415996670723*PC1 - 0.874639868736267)**2) - 2.00718688964844*exp(-(1.47311985492706 - 1.01863980293274*PC3)**2) + 2.92299699783325*exp(-(0.462399870157242 - 0.345439851284027*PC2)**2)",
  "simplified_formula": null,
  "n_active_edges": 6,
  "active_edges": [
    [
      0,
      0,
      0,
      "spline",
      0.0
    ],
    [
      0,
      1,
      0,
      "spline",
      0.0
    ],
    [
      0,
      2,
      0,
      "spline",
      0.0
    ],
    [
      0,
      3,
      0,
      "spline",
      0.0
    ],
    [
      0,
      4,
      0,
      "spline",
      0.0
    ],
    [
      0,
      5,
      0,
      "spline",
      0.0
    ]
  ],
  "pca_loadings": {
    "PC1": [
      [
        "mass",
        0.4519
      ],
      [
        "skin",
        0.4398
      ],
      [
        "insu",
        0.435
      ]
    ],
    "PC2": [
      [
        "age",
        0.6206
      ],
      [
        "preg",
        0.5938
      ],
      [
        "skin",
        0.332
      ]
    ],
    "PC3": [
      [
        "pres",
        0.5355
      ],
      [
        "plas",
        0.4679
      ],
      [
        "pedi",
        0.4332
      ]
    ],
    "PC4": [
      [
        "pedi",
        0.8337
      ],
      [
        "plas",
        0.4043
      ],
      [
        "insu",
        0.3499
      ]
    ],
    "PC5": [
      [
        "skin",
        0.4879
      ],
      [
        "preg",
        0.4756
      ],
      [
        "plas",
        0.4663
      ]
    ]
  },
  "cv_raw": {
    "manifold_acc": [
      0.7402597402597403,
      0.7727272727272727,
      0.6948051948051948,
      0.7254901960784313,
      0.6993464052287581
    ],
    "manifold_auc": [
      0.6935185185185185,
      0.7270370370370369,
      0.6372222222222222,
      0.6880188679245284,
      0.6768867924528301
    ],
    "kan_raw_acc": [
      0.7402597402597403,
      0.7272727272727273,
      0.7467532467532467,
      0.7516339869281046,
      0.7320261437908496
    ],
    "kan_raw_auc": [
      0.8111111111111111,
      0.8107407407407408,
      0.7888888888888889,
      0.800377358490566,
      0.7764150943396226
    ],
    "kan_pca_acc": [
      0.7142857142857143,
      0.7857142857142857,
      0.7142857142857143,
      0.7058823529411765,
      0.7124183006535948
    ],
    "kan_pca_auc": [
      0.7594444444444445,
      0.8561111111111112,
      0.7655555555555555,
      0.7375471698113207,
      0.7694339622641511
    ]
  }
}
