{
  "dataset": "heart",
  "title": "Heart Disease (Cleveland)",
  "n_samples": 303,
  "n_features": 13,
  "n_classes": 2,
  "d_star": 9,
  "noise_frac": 0.3076923076923077,
  "manifold": {
    "acc_mean": 0.8350273224043716,
    "acc_se": 0.007848486090490821,
    "auc_mean": 0.8334701178451178,
    "auc_se": 0.00782277415959369
  },
  "kan_raw": {
    "acc_mean": 0.7987978142076503,
    "acc_se": 0.018555046935782592,
    "auc_mean": 0.8567858645983646,
    "auc_se": 0.011550398554063156
  },
  "kan_pca": {
    "acc_mean": 0.7560109289617486,
    "acc_se": 0.024334554926453904,
    "auc_mean": 0.8349627224627223,
    "auc_se": 0.023790495430526554
  },
  "kan_pca_label": "KAN-pca9",
  "formula": "2.55736617217059*PC1 - 2.04937316078554 - 13.146125793457*exp(-(-3.06799983978271*PC8 - 8.99979972839355)**2) + 1.91675531864166*exp(-(-3.60231995582581*PC7 - 0.203919991850853)**2) + 4.36084890365601*exp(-(-1.15967988967896*PC6 - 1.83759987354279)**2) + 2.2123327255249*exp(-(-2.55423974990845*PC5 - 0.338559836149216)**2) - 881.372741699219*exp(-(3.4520800113678 - 0.385439842939377*PC4)**2) + 4.28954458236694*exp(-(2.8360800743103 - 1.70415997505188*PC9)**2) + 2.27665853500366*exp(-(2.45111989974976 - 2.4903998374939*PC2)**2) - 2.08593893051147*exp(-(0.587439835071564 - 4.84015989303589*PC3)**2)",
  "simplified_formula": "2.55736617217059*PC1 - 0.0352105607450994",
  "n_active_edges": 9,
  "active_edges": [
    [
      0,
      0,
      0,
      "x",
      0.9416791200637817
    ],
    [
      0,
      1,
      0,
      "spline",
      0.0
    ],
    [
      0,
      2,
      0,
      "spline",
      0.0
    ],
    [
      0,
      3,
      0,
      "spline",
      0.0
    ],
    [
      0,
      4,
      0,
      "spline",
      0.0
    ],
    [
      0,
      5,
      0,
      "spline",
      0.0
    ],
    [
      0,
      6,
      0,
      "spline",
      0.0
    ],
    [
      0,
      7,
      0,
      "spline",
      0.0
    ],
    [
      0,
      8,
      0,
      "spline",
      0.0
    ]
  ],
  "pca_loadings": {
    "PC1": [
      [
        "oldpeak",
        0.397
      ],
      [
        "thalach",
        0.3894
      ],
      [
        "slope",
        0.3541
      ]
    ],
    "PC2": [
      [
        "sex",
        0.4522
      ],
      [
        "chol",
        0.4385
      ],
      [
        "age",
        0.4181
      ]
    ],
    "PC3": [
      [
        "fbs",
        0.5226
      ],
      [
        "sex",
        0.4627
      ],
      [
        "cp",
        0.4136
      ]
    ],
    "PC4": [
      [
        "slope",
        0.5817
      ],
      [
        "oldpeak",
        0.4106
      ],
      [
        "ca",
        0.391
      ]
    ],
    "PC5": [
      [
        "restecg",
        0.6502
      ],
      [
        "chol",
        0.3963
      ],
      [
        "age",
        0.3705
      ]
    ]
  },
  "cv_raw": {
    "manifold_acc": [
      0.8524590163934426,
      0.8032786885245902,
      0.8360655737704918,
      0.8333333333333334,
      0.85
    ],
    "manifold_auc": [
      0.8528138528138529,
      0.8019480519480519,
      0.8349567099567099,
      0.8316498316498318,
      0.8459821428571428
    ],
    "kan_raw_acc": [
      0.8360655737704918,
      0.7213114754098361,
      0.8032786885245902,
      0.8,
      0.8333333333333334
    ],
    "kan_raw_auc": [
      0.854978354978355,
      0.8106060606060606,
      0.8668831168831169,
      0.861952861952862,
      0.8895089285714286
    ],
    "kan_pca_acc": [
      0.7868852459016393,
      0.6557377049180327,
      0.7540983606557377,
      0.7666666666666667,
      0.8166666666666667
    ],
    "kan_pca_auc": [
      0.9177489177489178,
      0.7543290043290043,
      0.8430735930735931,
      0.8114478114478114,
      0.8482142857142856
    ]
  }
}
