{
  "dataset": "dermatology",
  "title": "Dermatology (Skin Disease)",
  "n_samples": 366,
  "n_features": 34,
  "n_classes": 6,
  "d_star": 12,
  "noise_frac": 0.6470588235294117,
  "manifold": {
    "acc_mean": 0.961680858941133,
    "acc_se": 0.006032870952112166,
    "auc_mean": 0.9770937959723153,
    "auc_se": 0.004125762874740689
  },
  "kan_raw": {
    "acc_mean": 0.9671603109959275,
    "acc_se": 0.008327137516258545,
    "auc_mean": 0.9978696799510136,
    "auc_se": 0.0010001169343693624
  },
  "kan_pca": {
    "acc_mean": 0.9480562754535355,
    "acc_se": 0.010563475382014173,
    "auc_mean": 0.9921321951580511,
    "auc_se": 0.002893284816283724
  },
  "kan_pca_label": "KAN-pca12",
  "formula": "-3.29495668411255 - 2.87581300735474*exp(-(-0.591919839382172*PC2 - 1.33215987682343)**2) + 11.9705953598022*exp(-(-0.442319840192795*PC1 - 1.66959989070892)**2)",
  "simplified_formula": null,
  "n_active_edges": 20,
  "active_edges": [
    [
      0,
      0,
      0,
      "spline",
      0.0
    ],
    [
      0,
      0,
      1,
      "spline",
      0.0
    ],
    [
      0,
      0,
      2,
      "spline",
      0.0
    ],
    [
      0,
      0,
      3,
      "spline",
      0.0
    ],
    [
      0,
      0,
      4,
      "spline",
      0.0
    ],
    [
      0,
      1,
      0,
      "spline",
      0.0
    ],
    [
      0,
      1,
      3,
      "spline",
      0.0
    ],
    [
      0,
      2,
      3,
      "spline",
      0.0
    ],
    [
      0,
      2,
      5,
      "spline",
      0.0
    ],
    [
      0,
      3,
      1,
      "spline",
      0.0
    ],
    [
      0,
      3,
      4,
      "spline",
      0.0
    ],
    [
      0,
      4,
      1,
      "spline",
      0.0
    ],
    [
      0,
      4,
      3,
      "spline",
      0.0
    ],
    [
      0,
      5,
      1,
      "spline",
      0.0
    ],
    [
      0,
      5,
      3,
      "spline",
      0.0
    ],
    [
      0,
      6,
      1,
      "spline",
      0.0
    ],
    [
      0,
      7,
      3,
      "spline",
      0.0
    ],
    [
      0,
      8,
      3,
      "spline",
      0.0
    ],
    [
      0,
      9,
      3,
      "spline",
      0.0
    ],
    [
      0,
      11,
      1,
      "spline",
      0.0
    ]
  ],
  "pca_loadings": {
    "PC1": [
      [
        "vacuolisation and damage of the basal layer",
        0.2659
      ],
      [
        "band-like infiltrate",
        0.2656
      ],
      [
        "saw-tooth appearance of retes",
        0.2631
      ]
    ],
    "PC2": [
      [
        "definite-borders",
        0.2975
      ],
      [
        "clubbing of the rete ridges",
        0.2451
      ],
      [
        "thinning of the suprapapillary epidermis",
        0.2421
      ]
    ],
    "PC3": [
      [
        "perifollicular parakeratosis",
        0.4977
      ],
      [
        "follicular horn plug",
        0.4868
      ],
      [
        "follicular papules",
        0.4449
      ]
    ],
    "PC4": [
      [
        "fibrosis of the papillary dermis",
        0.46
      ],
      [
        "erythema",
        0.3737
      ],
      [
        "scaling",
        0.3595
      ]
    ],
    "PC5": [
      [
        "acanthosis",
        0.5987
      ],
      [
        "koebner phenomenon",
        0.4362
      ],
      [
        "munro microabcess",
        0.2615
      ]
    ]
  },
  "cv_raw": {
    "manifold_acc": [
      0.9864864864864865,
      0.9452054794520548,
      0.958904109589041,
      0.958904109589041,
      0.958904109589041
    ],
    "manifold_auc": [
      0.994846000993542,
      0.9678922563422296,
      0.9751984126984127,
      0.9737661549136959,
      0.9737661549136959
    ],
    "kan_raw_acc": [
      0.9864864864864865,
      0.9452054794520548,
      0.9452054794520548,
      0.9863013698630136,
      0.9726027397260274
    ],
    "kan_raw_auc": [
      1.0,
      0.9981001486529316,
      0.9935988452560086,
      0.9992432127678029,
      0.9984061930783241
    ],
    "kan_pca_acc": [
      0.9594594594594594,
      0.9041095890410958,
      0.9726027397260274,
      0.958904109589041,
      0.9452054794520548
    ],
    "kan_pca_auc": [
      0.9978069829760404,
      0.9830563145112325,
      0.9997723132969035,
      0.9863149449215024,
      0.9937104200845762
    ]
  }
}
