{
  "dataset": "breast",
  "title": "Breast Cancer (Wisconsin)",
  "n_samples": 569,
  "n_features": 30,
  "n_classes": 2,
  "d_star": 8,
  "noise_frac": 0.7333333333333334,
  "manifold": {
    "acc_mean": 0.9613258810743673,
    "acc_se": 0.006387185067186121,
    "auc_mean": 0.953002771148857,
    "auc_se": 0.00939051784229605
  },
  "kan_raw": {
    "acc_mean": 0.9613724576929048,
    "acc_se": 0.010972319582887333,
    "auc_mean": 0.9946614224537578,
    "auc_se": 0.002787427670564927
  },
  "kan_pca": {
    "acc_mean": 0.9648812296227295,
    "acc_se": 0.006547751569889947,
    "auc_mean": 0.9939865506562198,
    "auc_se": 0.00412198726469109
  },
  "kan_pca_label": "KAN-pca8",
  "formula": "7.12689113616943 + 3.10823607444763*exp(-(-0.956959843635559*PC8 - 0.762639880180359)**2) - 5.03855800628662*exp(-(-1.37263989448547*PC6 - 1.33159983158112)**2) - 6.96522188186646*exp(-(-0.66815984249115*PC3 - 1.68447983264923)**2) - 24.0456504821777*exp(-(-0.208080008625984*PC2 - 0.880799889564514)**2) + 44.1426391601563*exp(-(-0.140400037169456*PC1 - 0.75519984960556)**2) - 15.7620363235474*exp(-(0.599759817123413 - 0.326879858970642*PC5)**2) - 11.1758422851563*exp(-(0.428559869527817 - 0.301519840955734*PC4)**2)",
  "simplified_formula": null,
  "n_active_edges": 7,
  "active_edges": [
    [
      0,
      0,
      0,
      "spline",
      0.0
    ],
    [
      0,
      1,
      0,
      "spline",
      0.0
    ],
    [
      0,
      2,
      0,
      "spline",
      0.0
    ],
    [
      0,
      3,
      0,
      "spline",
      0.0
    ],
    [
      0,
      4,
      0,
      "spline",
      0.0
    ],
    [
      0,
      5,
      0,
      "spline",
      0.0
    ],
    [
      0,
      7,
      0,
      "spline",
      0.0
    ]
  ],
  "pca_loadings": {
    "PC1": [
      [
        "mean concave points",
        0.2609
      ],
      [
        "mean concavity",
        0.2584
      ],
      [
        "worst concave points",
        0.2509
      ]
    ],
    "PC2": [
      [
        "mean fractal dimension",
        0.3666
      ],
      [
        "fractal dimension error",
        0.2801
      ],
      [
        "worst fractal dimension",
        0.2753
      ]
    ],
    "PC3": [
      [
        "texture error",
        0.3746
      ],
      [
        "smoothness error",
        0.3088
      ],
      [
        "symmetry error",
        0.2886
      ]
    ],
    "PC4": [
      [
        "worst texture",
        0.6328
      ],
      [
        "mean texture",
        0.603
      ],
      [
        "texture error",
        0.3599
      ]
    ],
    "PC5": [
      [
        "mean smoothness",
        0.3651
      ],
      [
        "concavity error",
        0.354
      ],
      [
        "worst smoothness",
        0.3244
      ]
    ]
  },
  "cv_raw": {
    "manifold_acc": [
      0.9824561403508771,
      0.9473684210526315,
      0.9473684210526315,
      0.9736842105263158,
      0.9557522123893806
    ],
    "manifold_auc": [
      0.9767441860465117,
      0.9302325581395349,
      0.933531746031746,
      0.9791666666666667,
      0.9453386988598257
    ],
    "kan_raw_acc": [
      0.9912280701754386,
      0.956140350877193,
      0.956140350877193,
      0.9210526315789473,
      0.9823008849557522
    ],
    "kan_raw_auc": [
      1.0,
      0.9888634130363577,
      0.9854497354497355,
      1.0,
      0.9989939637826961
    ],
    "kan_pca_acc": [
      0.9824561403508771,
      0.956140350877193,
      0.956140350877193,
      0.9473684210526315,
      0.9823008849557522
    ],
    "kan_pca_auc": [
      1.0,
      0.9954143465443825,
      0.9758597883597884,
      1.0,
      0.9986586183769282
    ]
  }
}
